case_id,party_number,party_type,at_fault,party_sex,party_age,party_sobriety,party_drug_physical,party_safety_equip_1,oaf_1,oaf_2,party_number_killed,party_number_injured,move_pre_acc,vehicle_year,vehicle_make,stwd_vehicle_type,race,inattention,party_type_label,sobriety_label,safety_equip_label,race_label,move_pre_acc_label,vehicle_type_label,accident_year,collision_date,collision_time,day_of_week,primary_rd,secondary_rd,distance,direction,intersection,weather_1,collision_severity,number_killed,number_injured,party_count,primary_coll_factor,pcf_viol_category,hit_and_run,type_of_collision,mviw,ped_action,road_surface,road_cond_1,lighting,pedestrian_accident,bicycle_accident,alcohol_involved,stwd_vehtype_at_fault,count_severe_inj,count_visible_inj,count_complaint_pain,count_ped_killed,count_ped_injured,count_bicyclist_killed,count_bicyclist_injured,latitude,longitude,county,city,severity_label,collision_type_label,mviw_label,lighting_label,weather_label,road_surface_label,hit_and_run_label,ped_action_label,day_of_week_label,pcf_category_label
8891392,2,1,N,M,37.0,H,H,M,N,-,0,0,B,2003.0,FORD,A,H,,driver,impairment_physical,airbag,other,proceeding_straight,passenger_car,2018,2018-12-17,17:59,1,Barrett Av,1St St,102.0,E,N,A,4,0,1,2,A,11,N,G,B,D,D,H,C,Y,,,N,0,0,1,0,1,0,0,,,CONTRA COSTA,RICHMOND,complaint_of_pain,vehicle_pedestrian,pedestrian,dark_street_lights,clear,slippery,no,crossing_not_in_crosswalk,Monday,pedestrian_violation
8891394,1,4,Y,M,25.0,H,H,-,N,-,0,1,B,,-,L,B,,bicyclist,impairment_physical,not_applicable,hispanic,proceeding_straight,emergency_vehicle,2018,2018-12-15,12:31,6,Harbour Wy,Barrett Av,160.0,N,N,A,4,0,1,2,A,06,N,D,G,A,A,H,A,,Y,,L,0,0,1,0,0,0,1,,,CONTRA COSTA,RICHMOND,complaint_of_pain,broadside,bicycle,daylight,clear,dry,no,no_pedestrian,Saturday,improper_passing
8891394,2,1,N,F,43.0,H,H,M,N,-,0,0,E,2009.0,BMW,A,H,,driver,impairment_physical,airbag,other,making_right_turn,passenger_car,2018,2018-12-15,12:31,6,Harbour Wy,Barrett Av,160.0,N,N,A,4,0,1,2,A,06,N,D,G,A,A,H,A,,Y,,L,0,0,1,0,0,0,1,,,CONTRA COSTA,RICHMOND,complaint_of_pain,broadside,bicycle,daylight,clear,dry,no,no_pedestrian,Saturday,improper_passing
8891406,1,1,Y,M,20.0,A,-,M,F,-,0,0,B,2017.0,NISSAN,A,H,K,driver,not_drinking,airbag,other,proceeding_straight,passenger_car,2018,2018-12-26,15:20,3,Rheem Av,23Rd St,0.0,,Y,A,4,0,1,2,A,10,N,G,B,B,A,H,A,Y,,,A,0,0,1,0,1,0,0,37.94974136352539,-122.3474578857422,CONTRA COSTA,RICHMOND,complaint_of_pain,vehicle_pedestrian,pedestrian,daylight,clear,dry,no,crossing_in_crosswalk_at_intersection,Wednesday,pedestrian_right_of_way
8891406,2,2,N,F,15.0,A,-,-,N,-,0,1,-,,-,N,O,,pedestrian,not_drinking,not_applicable,,unknown,city_bus,2018,2018-12-26,15:20,3,Rheem Av,23Rd St,0.0,,Y,A,4,0,1,2,A,10,N,G,B,B,A,H,A,Y,,,A,0,0,1,0,1,0,0,37.94974136352539,-122.3474578857422,CONTRA COSTA,RICHMOND,complaint_of_pain,vehicle_pedestrian,pedestrian,daylight,clear,dry,no,crossing_in_crosswalk_at_intersection,Wednesday,pedestrian_right_of_way
8891416,1,1,Y,F,73.0,H,H,M,N,-,0,0,E,2004.0,CADILLAC,A,,,driver,impairment_physical,airbag,,making_right_turn,passenger_car,2018,2018-12-09,15:06,7,San Pablo Av,Clinton Av,0.0,,Y,A,4,0,1,2,A,10,N,G,B,B,A,H,A,Y,,,A,0,0,1,0,1,0,0,37.940311431884766,-122.32774353027344,CONTRA COSTA,RICHMOND,complaint_of_pain,vehicle_pedestrian,pedestrian,daylight,clear,dry,no,crossing_in_crosswalk_at_intersection,Sunday,pedestrian_right_of_way
8891416,2,2,N,F,20.0,H,H,-,N,-,0,1,-,,-,N,H,,pedestrian,impairment_physical,not_applicable,other,unknown,city_bus,2018,2018-12-09,15:06,7,San Pablo Av,Clinton Av,0.0,,Y,A,4,0,1,2,A,10,N,G,B,B,A,H,A,Y,,,A,0,0,1,0,1,0,0,37.940311431884766,-122.32774353027344,CONTRA COSTA,RICHMOND,complaint_of_pain,vehicle_pedestrian,pedestrian,daylight,clear,dry,no,crossing_in_crosswalk_at_intersection,Sunday,pedestrian_right_of_way
8891421,1,1,Y,M,57.0,A,-,M,F,-,0,0,E,2001.0,DODGE,D,B,K,driver,not_drinking,airbag,hispanic,making_right_turn,pickup_truck,2018,2018-11-16,19:48,5,Carlson Blvd,Cutting Bl,3.0,N,N,A,4,0,1,2,A,08,N,G,B,B,A,H,C,Y,,Y,D,0,0,1,0,1,0,0,37.92530059814453,-122.33804321289062,CONTRA COSTA,RICHMOND,complaint_of_pain,vehicle_pedestrian,pedestrian,dark_street_lights,clear,dry,no,crossing_in_crosswalk_at_intersection,Friday,improper_turning
8891421,2,2,N,F,61.0,B,-,-,N,-,0,1,-,,-,N,B,,pedestrian,drinking_not_under_influence,not_applicable,hispanic,unknown,city_bus,2018,2018-11-16,19:48,5,Carlson Blvd,Cutting Bl,3.0,N,N,A,4,0,1,2,A,08,N,G,B,B,A,H,C,Y,,Y,D,0,0,1,0,1,0,0,37.92530059814453,-122.33804321289062,CONTRA COSTA,RICHMOND,complaint_of_pain,vehicle_pedestrian,pedestrian,dark_street_lights,clear,dry,no,crossing_in_crosswalk_at_intersection,Friday,improper_turning
8891490,1,1,Y,M,,G,G,-,N,-,0,0,E,,-,A,H,,driver,not_applicable,not_applicable,other,making_right_turn,passenger_car,2018,2018-06-18,11:56,1,Macdonald Av,22Nd St,10.0,E,N,A,4,0,1,2,A,10,F,G,B,B,A,H,A,Y,,,A,0,0,1,0,1,0,0,37.935550689697266,-122.34845733642578,CONTRA COSTA,RICHMOND,complaint_of_pain,vehicle_pedestrian,pedestrian,daylight,clear,dry,felony,crossing_in_crosswalk_at_intersection,Monday,pedestrian_right_of_way
8891490,2,2,N,F,52.0,A,-,-,N,-,0,1,-,,-,N,H,,pedestrian,not_drinking,not_applicable,other,unknown,city_bus,2018,2018-06-18,11:56,1,Macdonald Av,22Nd St,10.0,E,N,A,4,0,1,2,A,10,F,G,B,B,A,H,A,Y,,,A,0,0,1,0,1,0,0,37.935550689697266,-122.34845733642578,CONTRA COSTA,RICHMOND,complaint_of_pain,vehicle_pedestrian,pedestrian,daylight,clear,dry,felony,crossing_in_crosswalk_at_intersection,Monday,pedestrian_right_of_way
8891492,1,4,Y,-,,A,-,-,A,N,0,1,B,,-,L,,,bicyclist,not_drinking,not_applicable,,proceeding_straight,emergency_vehicle,2018,2018-06-23,13:31,6,Marina Bay Pkwy,Rt 580,0.0,,Y,A,2,0,1,2,A,12,N,D,G,A,A,H,A,,Y,,L,1,0,0,0,0,0,1,,,CONTRA COSTA,RICHMOND,severe_injury,broadside,bicycle,daylight,clear,dry,no,no_pedestrian,Saturday,traffic_signals
8891492,2,1,N,-,,-,-,-,H,-,0,0,B,,FORD,A,,,driver,unknown,not_applicable,,proceeding_straight,passenger_car,2018,2018-06-23,13:31,6,Marina Bay Pkwy,Rt 580,0.0,,Y,A,2,0,1,2,A,12,N,D,G,A,A,H,A,,Y,,L,1,0,0,0,0,0,1,,,CONTRA COSTA,RICHMOND,severe_injury,broadside,bicycle,daylight,clear,dry,no,no_pedestrian,Saturday,traffic_signals
8891550,1,1,Y,M,24.0,B,-,M,N,-,0,0,B,2006.0,NISSAN,A,H,,driver,drinking_not_under_influence,airbag,other,proceeding_straight,passenger_car,2018,2018-12-15,01:30,6,Macdonald Av,23Rd St,200.0,E,N,A,4,0,1,2,A,01,F,-,B,E,-,H,C,Y,,Y,A,0,0,1,0,1,0,0,37.93553161621094,-122.34742736816406,CONTRA COSTA,RICHMOND,complaint_of_pain,,pedestrian,dark_street_lights,clear,,felony,in_road_includes_shoulder,Saturday,dui
8891550,2,2,N,M,,H,H,-,N,-,0,1,-,,-,N,B,,pedestrian,impairment_physical,not_applicable,hispanic,unknown,city_bus,2018,2018-12-15,01:30,6,Macdonald Av,23Rd St,200.0,E,N,A,4,0,1,2,A,01,F,-,B,E,-,H,C,Y,,Y,A,0,0,1,0,1,0,0,37.93553161621094,-122.34742736816406,CONTRA COSTA,RICHMOND,complaint_of_pain,,pedestrian,dark_street_lights,clear,,felony,in_road_includes_shoulder,Saturday,dui
8891594,1,1,Y,M,38.0,H,H,M,N,-,0,0,G,2000.0,DODGE,A,B,,driver,impairment_physical,airbag,hispanic,making_U_turn,passenger_car,2018,2018-07-08,14:00,7,Mcbryde Av,Mcbryde Av 12890,0.0,,N,A,4,0,1,2,A,08,N,G,B,F,A,H,A,Y,,,A,0,0,1,0,1,0,0,,,CONTRA COSTA,RICHMOND,complaint_of_pain,vehicle_pedestrian,pedestrian,daylight,clear,dry,no,not_in_road,Sunday,improper_turning
8891594,2,2,N,F,66.0,H,H,-,N,-,0,1,-,,-,N,B,,pedestrian,impairment_physical,not_applicable,hispanic,unknown,city_bus,2018,2018-07-08,14:00,7,Mcbryde Av,Mcbryde Av 12890,0.0,,N,A,4,0,1,2,A,08,N,G,B,F,A,H,A,Y,,,A,0,0,1,0,1,0,0,,,CONTRA COSTA,RICHMOND,complaint_of_pain,vehicle_pedestrian,pedestrian,daylight,clear,dry,no,not_in_road,Sunday,improper_turning
8891595,1,1,Y,M,16.0,A,-,M,N,-,0,0,E,2001.0,INFINITI,A,H,,driver,not_drinking,airbag,other,making_right_turn,passenger_car,2018,2018-07-19,11:42,4,Barrett Av,6Th St,6.0,W,N,A,4,0,1,2,A,10,N,G,B,B,A,H,A,Y,,,A,0,0,1,0,1,0,0,37.93846893310547,-122.36312866210938,CONTRA COSTA,RICHMOND,complaint_of_pain,vehicle_pedestrian,pedestrian,daylight,clear,dry,no,crossing_in_crosswalk_at_intersection,Thursday,pedestrian_right_of_way
8891595,2,2,N,F,18.0,A,-,-,N,-,0,1,-,,-,N,H,,pedestrian,not_drinking,not_applicable,other,unknown,city_bus,2018,2018-07-19,11:42,4,Barrett Av,6Th St,6.0,W,N,A,4,0,1,2,A,10,N,G,B,B,A,H,A,Y,,,A,0,0,1,0,1,0,0,37.93846893310547,-122.36312866210938,CONTRA COSTA,RICHMOND,complaint_of_pain,vehicle_pedestrian,pedestrian,daylight,clear,dry,no,crossing_in_crosswalk_at_intersection,Thursday,pedestrian_right_of_way
8891600,1,1,Y,-,,D,-,-,N,-,0,0,B,2010.0,ACURA,A,,,driver,impairment_unknown,not_applicable,,proceeding_straight,passenger_car,2018,2018-06-08,20:22,5,Bissell Av,5Th St,50.0,W,N,A,4,0,1,2,A,03,F,A,B,D,A,H,A,Y,,Y,A,0,0,1,0,1,0,0,37.93415069580078,-122.36463165283205,CONTRA COSTA,RICHMOND,complaint_of_pain,head_on,pedestrian,daylight,clear,dry,felony,crossing_not_in_crosswalk,Friday,unsafe_speed
8891600,2,2,N,M,56.0,A,-,-,N,-,0,1,-,,-,N,B,,pedestrian,not_drinking,not_applicable,hispanic,unknown,city_bus,2018,2018-06-08,20:22,5,Bissell Av,5Th St,50.0,W,N,A,4,0,1,2,A,03,F,A,B,D,A,H,A,Y,,Y,A,0,0,1,0,1,0,0,37.93415069580078,-122.36463165283205,CONTRA COSTA,RICHMOND,complaint_of_pain,head_on,pedestrian,daylight,clear,dry,felony,crossing_not_in_crosswalk,Friday,unsafe_speed
8897041,1,4,Y,M,59.0,A,-,-,K,-,0,1,B,,-,L,B,,bicyclist,not_drinking,not_applicable,hispanic,proceeding_straight,emergency_vehicle,2018,2018-07-13,17:37,5,Ells St,Gately Av,46.0,S,N,A,3,0,1,2,A,09,N,G,G,A,A,H,A,,Y,,L,0,1,0,0,0,0,1,37.91643142700195,-122.32260131835938,CONTRA COSTA,RICHMOND,other_visible_injury,vehicle_pedestrian,bicycle,daylight,clear,dry,no,no_pedestrian,Friday,automobile_right_of_way
8897041,2,1,N,M,42.0,A,-,M,N,-,0,0,B,1988.0,HONDA,A,H,,driver,not_drinking,airbag,other,proceeding_straight,passenger_car,2018,2018-07-13,17:37,5,Ells St,Gately Av,46.0,S,N,A,3,0,1,2,A,09,N,G,G,A,A,H,A,,Y,,L,0,1,0,0,0,0,1,37.91643142700195,-122.32260131835938,CONTRA COSTA,RICHMOND,other_visible_injury,vehicle_pedestrian,bicycle,daylight,clear,dry,no,no_pedestrian,Friday,automobile_right_of_way
8901081,1,4,Y,M,24.0,A,-,-,N,-,0,1,M,,-,L,W,,bicyclist,not_drinking,not_applicable,,entering_traffic,emergency_vehicle,2019,2019-06-12,11:10,3,Rumrill Bl,Sanford Av,196.0,S,N,A,3,0,1,2,A,08,F,B,G,A,A,H,A,,Y,,L,0,1,0,0,0,0,1,,,CONTRA COSTA,RICHMOND,other_visible_injury,sideswipe,bicycle,daylight,clear,dry,felony,no_pedestrian,Wednesday,improper_turning
8901081,2,1,N,F,,G,G,-,N,-,0,0,B,,FORD,A,B,,driver,not_applicable,not_applicable,hispanic,proceeding_straight,passenger_car,2019,2019-06-12,11:10,3,Rumrill Bl,Sanford Av,196.0,S,N,A,3,0,1,2,A,08,F,B,G,A,A,H,A,,Y,,L,0,1,0,0,0,0,1,,,CONTRA COSTA,RICHMOND,other_visible_injury,sideswipe,bicycle,daylight,clear,dry,felony,no_pedestrian,Wednesday,improper_turning
8904485,1,1,Y,M,23.0,A,-,M,G,-,0,0,D,2013.0,FORD,J,H,,driver,not_drinking,airbag,other,ran_off_road_left,school_bus,2019,2019-01-03,20:16,4,Hartnett Av,Carlson Bl,0.0,,Y,A,4,0,1,2,A,10,N,G,B,D,A,H,C,Y,,,J,0,0,1,0,1,0,0,,,CONTRA COSTA,RICHMOND,complaint_of_pain,vehicle_pedestrian,pedestrian,dark_street_lights,clear,dry,no,crossing_not_in_crosswalk,Thursday,pedestrian_right_of_way
8904485,2,2,N,M,32.0,A,-,-,A,-,0,1,-,,-,N,B,,pedestrian,not_drinking,not_applicable,hispanic,unknown,city_bus,2019,2019-01-03,20:16,4,Hartnett Av,Carlson Bl,0.0,,Y,A,4,0,1,2,A,10,N,G,B,D,A,H,C,Y,,,J,0,0,1,0,1,0,0,,,CONTRA COSTA,RICHMOND,complaint_of_pain,vehicle_pedestrian,pedestrian,dark_street_lights,clear,dry,no,crossing_not_in_crosswalk,Thursday,pedestrian_right_of_way
8911309,1,2,Y,M,4.0,A,-,-,N,-,1,0,-,,-,N,H,,pedestrian,not_drinking,not_applicable,other,unknown,city_bus,2020,2020-02-07,17:01,5,Coalinga Av,23Rd St,173.0,W,N,A,1,1,0,2,A,11,F,G,B,E,A,H,A,Y,,,N,0,0,0,1,0,0,0,37.94736099243164,-122.34754943847656,CONTRA COSTA,RICHMOND,fatal,vehicle_pedestrian,pedestrian,daylight,clear,dry,felony,in_road_includes_shoulder,Friday,pedestrian_violation
8911309,2,1,N,M,26.0,G,G,M,A,N,0,0,B,1999.0,FORD,A,B,,driver,not_applicable,airbag,hispanic,proceeding_straight,passenger_car,2020,2020-02-07,17:01,5,Coalinga Av,23Rd St,173.0,W,N,A,1,1,0,2,A,11,F,G,B,E,A,H,A,Y,,,N,0,0,0,1,0,0,0,37.94736099243164,-122.34754943847656,CONTRA COSTA,RICHMOND,fatal,vehicle_pedestrian,pedestrian,daylight,clear,dry,felony,in_road_includes_shoulder,Friday,pedestrian_violation
8911865,1,2,Y,M,40.0,G,G,-,A,-,1,0,R,,-,N,H,,pedestrian,not_applicable,not_applicable,other,traveling_wrong_way,city_bus,2020,2020-08-20,15:58,4,23Rd St,Barrett Av,506.0,N,N,A,1,1,0,2,A,11,F,G,B,D,A,H,A,Y,,,N,0,0,0,1,0,0,0,37.93841171264648,-122.34783172607422,CONTRA COSTA,RICHMOND,fatal,vehicle_pedestrian,pedestrian,daylight,clear,dry,felony,crossing_not_in_crosswalk,Thursday,pedestrian_violation
8911865,2,1,N,-,,G,G,-,A,N,0,0,B,,-,A,,,driver,not_applicable,not_applicable,,proceeding_straight,passenger_car,2020,2020-08-20,15:58,4,23Rd St,Barrett Av,506.0,N,N,A,1,1,0,2,A,11,F,G,B,D,A,H,A,Y,,,N,0,0,0,1,0,0,0,37.93841171264648,-122.34783172607422,CONTRA COSTA,RICHMOND,fatal,vehicle_pedestrian,pedestrian,daylight,clear,dry,felony,crossing_not_in_crosswalk,Thursday,pedestrian_violation
8921436,1,1,Y,M,63.0,B,-,L,A,-,0,1,F,1999.0,FORD,D,H,,driver,drinking_not_under_influence,,other,making_left_turn,pickup_truck,2019,2019-07-03,22:43,3,Cutting Bl,49Th St,54.0,W,N,B,2,0,2,6,A,01,F,G,B,E,A,H,C,Y,,Y,D,1,1,0,0,1,0,0,,,CONTRA COSTA,RICHMOND,severe_injury,vehicle_pedestrian,pedestrian,dark_street_lights,cloudy,dry,felony,in_road_includes_shoulder,Wednesday,dui
8921436,2,1,N,M,41.0,A,-,M,N,-,0,0,R,2016.0,HONDA,A,H,,driver,not_drinking,airbag,other,traveling_wrong_way,passenger_car,2019,2019-07-03,22:43,3,Cutting Bl,49Th St,54.0,W,N,B,2,0,2,6,A,01,F,G,B,E,A,H,C,Y,,Y,D,1,1,0,0,1,0,0,,,CONTRA COSTA,RICHMOND,severe_injury,vehicle_pedestrian,pedestrian,dark_street_lights,cloudy,dry,felony,in_road_includes_shoulder,Wednesday,dui
8921436,3,2,N,M,28.0,G,G,-,-,-,0,1,-,,-,N,H,,pedestrian,not_applicable,not_applicable,other,unknown,city_bus,2019,2019-07-03,22:43,3,Cutting Bl,49Th St,54.0,W,N,B,2,0,2,6,A,01,F,G,B,E,A,H,C,Y,,Y,D,1,1,0,0,1,0,0,,,CONTRA COSTA,RICHMOND,severe_injury,vehicle_pedestrian,pedestrian,dark_street_lights,cloudy,dry,felony,in_road_includes_shoulder,Wednesday,dui
8921436,4,3,N,-,,H,H,-,N,-,0,0,O,2007.0,TOYOTA,D,,,parked_vehicle,impairment_physical,not_applicable,,crossed_into_opposing_lane,pickup_truck,2019,2019-07-03,22:43,3,Cutting Bl,49Th St,54.0,W,N,B,2,0,2,6,A,01,F,G,B,E,A,H,C,Y,,Y,D,1,1,0,0,1,0,0,,,CONTRA COSTA,RICHMOND,severe_injury,vehicle_pedestrian,pedestrian,dark_street_lights,cloudy,dry,felony,in_road_includes_shoulder,Wednesday,dui
8921436,5,3,N,-,,H,H,-,N,-,0,0,O,2006.0,CHEVROLET,D,,,parked_vehicle,impairment_physical,not_applicable,,crossed_into_opposing_lane,pickup_truck,2019,2019-07-03,22:43,3,Cutting Bl,49Th St,54.0,W,N,B,2,0,2,6,A,01,F,G,B,E,A,H,C,Y,,Y,D,1,1,0,0,1,0,0,,,CONTRA COSTA,RICHMOND,severe_injury,vehicle_pedestrian,pedestrian,dark_street_lights,cloudy,dry,felony,in_road_includes_shoulder,Wednesday,dui
8921436,6,3,N,-,,H,H,-,N,-,0,0,O,1993.0,HONDA,A,,,parked_vehicle,impairment_physical,not_applicable,,crossed_into_opposing_lane,passenger_car,2019,2019-07-03,22:43,3,Cutting Bl,49Th St,54.0,W,N,B,2,0,2,6,A,01,F,G,B,E,A,H,C,Y,,Y,D,1,1,0,0,1,0,0,,,CONTRA COSTA,RICHMOND,severe_injury,vehicle_pedestrian,pedestrian,dark_street_lights,cloudy,dry,felony,in_road_includes_shoulder,Wednesday,dui
8922328,1,4,Y,M,23.0,A,-,-,N,-,0,1,A,,-,L,B,,bicyclist,not_drinking,not_applicable,hispanic,stopped,emergency_vehicle,2019,2019-06-25,16:18,2,20Th St,Barrett Av,0.0,,Y,A,4,0,1,2,A,12,N,H,G,A,A,H,A,,Y,,L,0,0,1,0,0,0,1,37.93832015991211,-122.35034942626952,CONTRA COSTA,RICHMOND,complaint_of_pain,other,bicycle,daylight,clear,dry,no,no_pedestrian,Tuesday,traffic_signals
8922328,2,1,N,M,35.0,A,-,M,N,-,0,0,A,2018.0,TOYOTA,A,O,,driver,not_drinking,airbag,,stopped,passenger_car,2019,2019-06-25,16:18,2,20Th St,Barrett Av,0.0,,Y,A,4,0,1,2,A,12,N,H,G,A,A,H,A,,Y,,L,0,0,1,0,0,0,1,37.93832015991211,-122.35034942626952,CONTRA COSTA,RICHMOND,complaint_of_pain,other,bicycle,daylight,clear,dry,no,no_pedestrian,Tuesday,traffic_signals
8922335,1,2,Y,F,93.0,H,H,-,N,-,0,1,-,,-,N,W,,pedestrian,impairment_physical,not_applicable,,unknown,city_bus,2019,2019-05-28,11:32,2,Santa Fe Av,Delfino Av,0.0,,Y,A,3,0,1,2,A,11,N,G,B,D,A,H,A,Y,,,N,0,1,0,0,1,0,0,,,CONTRA COSTA,RICHMOND,other_visible_injury,vehicle_pedestrian,pedestrian,daylight,clear,dry,no,crossing_not_in_crosswalk,Tuesday,pedestrian_violation
8922335,2,1,N,F,40.0,H,H,M,N,-,0,0,B,2007.0,SUBARU,A,W,,driver,impairment_physical,airbag,,proceeding_straight,passenger_car,2019,2019-05-28,11:32,2,Santa Fe Av,Delfino Av,0.0,,Y,A,3,0,1,2,A,11,N,G,B,D,A,H,A,Y,,,N,0,1,0,0,1,0,0,,,CONTRA COSTA,RICHMOND,other_visible_injury,vehicle_pedestrian,pedestrian,daylight,clear,dry,no,crossing_not_in_crosswalk,Tuesday,pedestrian_violation
8922340,1,4,Y,M,17.0,H,H,-,N,-,0,1,P,,-,L,H,,bicyclist,impairment_physical,not_applicable,other,parked,emergency_vehicle,2019,2019-06-26,19:14,3,Nevin Av,Macdonald Av,175.0,E,N,A,2,0,1,2,A,09,N,G,G,A,A,H,A,,Y,,L,1,0,0,0,0,0,1,,,CONTRA COSTA,RICHMOND,severe_injury,vehicle_pedestrian,bicycle,daylight,clear,dry,no,no_pedestrian,Wednesday,automobile_right_of_way
8922340,2,1,N,M,24.0,H,H,M,N,-,0,0,B,2008.0,DODGE,A,H,,driver,impairment_physical,airbag,other,proceeding_straight,passenger_car,2019,2019-06-26,19:14,3,Nevin Av,Macdonald Av,175.0,E,N,A,2,0,1,2,A,09,N,G,G,A,A,H,A,,Y,,L,1,0,0,0,0,0,1,,,CONTRA COSTA,RICHMOND,severe_injury,vehicle_pedestrian,bicycle,daylight,clear,dry,no,no_pedestrian,Wednesday,automobile_right_of_way
8922346,1,1,Y,-,,H,H,-,N,-,0,0,B,,-,A,,,driver,impairment_physical,not_applicable,,proceeding_straight,passenger_car,2019,2019-05-12,19:56,7,Mcbryde Av,Wilson Av,0.0,,Y,A,4,0,1,2,A,09,F,H,G,A,A,H,A,,Y,,A,0,0,1,0,0,0,1,,,CONTRA COSTA,RICHMOND,complaint_of_pain,other,bicycle,daylight,clear,dry,felony,no_pedestrian,Sunday,automobile_right_of_way
8922346,2,4,N,M,48.0,H,H,-,N,-,0,1,B,,-,L,H,,bicyclist,impairment_physical,not_applicable,other,proceeding_straight,emergency_vehicle,2019,2019-05-12,19:56,7,Mcbryde Av,Wilson Av,0.0,,Y,A,4,0,1,2,A,09,F,H,G,A,A,H,A,,Y,,A,0,0,1,0,0,0,1,,,CONTRA COSTA,RICHMOND,complaint_of_pain,other,bicycle,daylight,clear,dry,felony,no_pedestrian,Sunday,automobile_right_of_way
8922351,1,1,Y,F,58.0,G,G,M,N,-,0,0,B,,HYUNDAI,A,B,,driver,not_applicable,airbag,hispanic,proceeding_straight,passenger_car,2019,2019-05-21,16:45,2,Marina Way South,Maine Av,0.0,,Y,A,3,0,1,2,A,09,N,H,G,A,A,H,A,,Y,,A,0,1,0,0,0,0,1,,,CONTRA COSTA,RICHMOND,other_visible_injury,other,bicycle,daylight,clear,dry,no,no_pedestrian,Tuesday,automobile_right_of_way
8922351,2,4,N,M,15.0,A,-,-,N,-,0,1,B,,-,L,B,,bicyclist,not_drinking,not_applicable,hispanic,proceeding_straight,emergency_vehicle,2019,2019-05-21,16:45,2,Marina Way South,Maine Av,0.0,,Y,A,3,0,1,2,A,09,N,H,G,A,A,H,A,,Y,,A,0,1,0,0,0,0,1,,,CONTRA COSTA,RICHMOND,other_visible_injury,other,bicycle,daylight,clear,dry,no,no_pedestrian,Tuesday,automobile_right_of_way
8922354,1,4,Y,M,19.0,A,-,-,N,-,0,1,Q,,-,L,H,,bicyclist,not_drinking,not_applicable,other,merging,emergency_vehicle,2019,2019-05-12,13:35,7,23Rd St,Downer Av,90.0,N,N,A,3,0,1,2,A,05,N,H,G,A,A,H,A,,Y,,L,0,1,0,0,0,0,1,37.942909240722656,-122.34768676757812,CONTRA COSTA,RICHMOND,other_visible_injury,other,bicycle,daylight,clear,dry,no,no_pedestrian,Sunday,wrong_side_of_road
8922354,2,1,N,M,17.0,A,-,M,A,-,0,0,A,1993.0,TOYOTA,A,H,,driver,not_drinking,airbag,other,stopped,passenger_car,2019,2019-05-12,13:35,7,23Rd St,Downer Av,90.0,N,N,A,3,0,1,2,A,05,N,H,G,A,A,H,A,,Y,,L,0,1,0,0,0,0,1,37.942909240722656,-122.34768676757812,CONTRA COSTA,RICHMOND,other_visible_injury,other,bicycle,daylight,clear,dry,no,no_pedestrian,Sunday,wrong_side_of_road
8922366,1,4,Y,F,29.0,A,-,-,N,-,0,1,Q,,-,L,W,,bicyclist,not_drinking,not_applicable,,merging,emergency_vehicle,2019,2019-05-09,17:20,4,Marina Bay Pkwy,Rt 580,0.0,,Y,A,3,0,1,2,A,05,N,H,G,A,A,H,A,,Y,,L,0,1,0,0,0,0,1,,,CONTRA COSTA,RICHMOND,other_visible_injury,other,bicycle,daylight,clear,dry,no,no_pedestrian,Thursday,wrong_side_of_road
8922366,2,1,N,M,49.0,A,-,M,N,-,0,0,D,2015.0,TOYOTA,A,W,,driver,not_drinking,airbag,,ran_off_road_left,passenger_car,2019,2019-05-09,17:20,4,Marina Bay Pkwy,Rt 580,0.0,,Y,A,3,0,1,2,A,05,N,H,G,A,A,H,A,,Y,,L,0,1,0,0,0,0,1,,,CONTRA COSTA,RICHMOND,other_visible_injury,other,bicycle,daylight,clear,dry,no,no_pedestrian,Thursday,wrong_side_of_road
8922375,1,1,Y,M,,G,G,-,N,-,0,0,B,,-,-,,,driver,not_applicable,not_applicable,,proceeding_straight,,2019,2019-05-17,15:50,5,Macdonald Av,1St St,200.0,W,N,A,4,0,1,2,A,05,M,G,B,F,A,H,A,Y,,,-,0,0,1,0,1,0,0,37.93584060668945,-122.36853790283205,CONTRA COSTA,RICHMOND,complaint_of_pain,vehicle_pedestrian,pedestrian,daylight,clear,dry,misdemeanor,not_in_road,Friday,wrong_side_of_road
8922375,2,2,N,F,46.0,A,-,-,N,-,0,1,-,,-,N,H,,pedestrian,not_drinking,not_applicable,other,unknown,city_bus,2019,2019-05-17,15:50,5,Macdonald Av,1St St,200.0,W,N,A,4,0,1,2,A,05,M,G,B,F,A,H,A,Y,,,-,0,0,1,0,1,0,0,37.93584060668945,-122.36853790283205,CONTRA COSTA,RICHMOND,complaint_of_pain,vehicle_pedestrian,pedestrian,daylight,clear,dry,misdemeanor,not_in_road,Friday,wrong_side_of_road
8924283,1,2,Y,F,42.0,G,G,-,F,-,0,1,-,,-,N,H,-,pedestrian,not_applicable,not_applicable,other,unknown,city_bus,2019,2019-03-06,18:40,3,23Rd St,Mcbryde Av,0.0,,Y,C,2,0,1,2,A,00,N,G,B,D,B,H,C,Y,,,N,1,0,0,0,1,0,0,37.946998596191406,-122.34755706787108,CONTRA COSTA,RICHMOND,severe_injury,vehicle_pedestrian,pedestrian,dark_street_lights,raining,wet,no,crossing_not_in_crosswalk,Wednesday,unknown